{
  "evaluated_at_utc": "2026-06-09T08:26:14.549039+00:00",
  "artifact": "C:\\Users\\Nesbert\\Desktop\\SMS SMISHING SOFTWARE\\ml-backend\\artifacts\\pipeline_lr_tfidf.joblib",
  "test_csv": "data\\splits\\test.csv",
  "n_test": 15,
  "predictions_csv": "C:\\Users\\Nesbert\\Desktop\\SMS SMISHING SOFTWARE\\reports\\pred_ml_test.csv",
  "threshold": null,
  "confusion_matrix_labels_[0,1]": [
    [
      8,
      0
    ],
    [
      1,
      6
    ]
  ],
  "confusion_matrix_named": {
    "tn": 8,
    "fp": 0,
    "fn": 1,
    "tp": 6
  },
  "metrics_pos1": {
    "accuracy": 0.9333333333333333,
    "precision": 1.0,
    "recall": 0.8571428571428571,
    "f1": 0.9230769230769231
  },
  "classification_report": {
    "0": {
      "precision": 0.8888888888888888,
      "recall": 1.0,
      "f1-score": 0.9411764705882353,
      "support": 8.0
    },
    "1": {
      "precision": 1.0,
      "recall": 0.8571428571428571,
      "f1-score": 0.9230769230769231,
      "support": 7.0
    },
    "accuracy": 0.9333333333333333,
    "macro avg": {
      "precision": 0.9444444444444444,
      "recall": 0.9285714285714286,
      "f1-score": 0.9321266968325792,
      "support": 15.0
    },
    "weighted avg": {
      "precision": 0.9407407407407408,
      "recall": 0.9333333333333333,
      "f1-score": 0.9327300150829563,
      "support": 15.0
    }
  }
}